fecha_corte,vigencia,banco,operaciones,monto_usd,tco
2026-06-26,2026-06-29,BANCO BISA,85,3957089,9.72
2026-06-26,2026-06-29,BANCO DE CRÉDITO,15,21481,9.46
2026-06-26,2026-06-29,BANCO DE LA NACIÓN ARGENTINA,1,7425,9.70
2026-06-26,2026-06-29,BANCO ECONÓMICO,11,5194132,9.77
2026-06-26,2026-06-29,BANCO FIE,,,
2026-06-26,2026-06-29,BANCO FORTALEZA,1,400000,9.82
2026-06-26,2026-06-29,BANCO GANADERO,147,3046253,9.78
2026-06-26,2026-06-29,BANCO MERCANTIL SANTA CRUZ,22,3150669,9.64
2026-06-26,2026-06-29,BANCO NACIONAL DE BOLIVIA,2,1440469,9.75
2026-06-26,2026-06-29,BANCO PRODEM,,,
2026-06-26,2026-06-29,BANCO PYME DE LA COMUNIDAD,,,
2026-06-26,2026-06-29,BANCO PYME ECOFUTURO,,,
2026-06-26,2026-06-29,BANCO SOLIDARIO,4,105300,9.63
2026-06-26,2026-06-29,BANCO UNION,2,650,9.05
2026-06-26,2026-06-29,TOTAL BANCOS,290,17323468,9.73
2026-06-29,2026-06-30,BANCO BISA,5,2707410,9.73
2026-06-29,2026-06-30,BANCO DE CRÉDITO,15,99697,9.67
2026-06-29,2026-06-30,BANCO DE LA NACIÓN ARGENTINA,23,8870,9.63
2026-06-29,2026-06-30,BANCO ECONÓMICO,51,418104,9.79
2026-06-29,2026-06-30,BANCO FIE,21,105419,9.73
2026-06-29,2026-06-30,BANCO FORTALEZA,9,123435,9.73
2026-06-29,2026-06-30,BANCO GANADERO,826,1721370,9.70
2026-06-29,2026-06-30,BANCO MERCANTIL SANTA CRUZ,239,9831975,9.80
2026-06-29,2026-06-30,BANCO NACIONAL DE BOLIVIA,297,1421597,9.59
2026-06-29,2026-06-30,BANCO PRODEM,21,10687,9.63
2026-06-29,2026-06-30,BANCO PYME DE LA COMUNIDAD,8,7544,9.73
2026-06-29,2026-06-30,BANCO PYME ECOFUTURO,1,730,9.73
2026-06-29,2026-06-30,BANCO SOLIDARIO,27,246271,9.73
2026-06-29,2026-06-30,BANCO UNION,116,676658,9.73
2026-06-29,2026-06-30,TOTAL BANCOS,1659,17379767,9.76
2026-06-30,2026-07-01,BANCO BISA,59,1521341,9.79
2026-06-30,2026-07-01,BANCO DE CRÉDITO,20,2024916,9.78
2026-06-30,2026-07-01,BANCO DE LA NACIÓN ARGENTINA,26,6332,9.66
2026-06-30,2026-07-01,BANCO ECONÓMICO,34,114942,9.72
2026-06-30,2026-07-01,BANCO FIE,12,11564,9.66
2026-06-30,2026-07-01,BANCO FORTALEZA,3,169833,9.71
2026-06-30,2026-07-01,BANCO GANADERO,636,2793562,9.73
2026-06-30,2026-07-01,BANCO MERCANTIL SANTA CRUZ,177,1250939,9.77
2026-06-30,2026-07-01,BANCO NACIONAL DE BOLIVIA,189,492923,9.57
2026-06-30,2026-07-01,BANCO PRODEM,9,3759,9.56
2026-06-30,2026-07-01,BANCO PYME DE LA COMUNIDAD,3,244,9.76
2026-06-30,2026-07-01,BANCO PYME ECOFUTURO,6,602,9.76
2026-06-30,2026-07-01,BANCO SOLIDARIO,32,1908014,9.79
2026-06-30,2026-07-01,BANCO UNION,100,96187,9.76
2026-06-30,2026-07-01,TOTAL BANCOS,1306,10395157,9.76
2026-07-01,2026-07-02,BANCO BISA,70,14976501,9.79
2026-07-01,2026-07-02,BANCO DE CRÉDITO,36,993657,9.77
2026-07-01,2026-07-02,BANCO DE LA NACIÓN ARGENTINA,26,16886,9.66
2026-07-01,2026-07-02,BANCO ECONÓMICO,30,211466,9.76
2026-07-01,2026-07-02,BANCO FIE,15,8284,9.66
2026-07-01,2026-07-02,BANCO FORTALEZA,4,96871,9.75
2026-07-01,2026-07-02,BANCO GANADERO,592,5914983,9.78
2026-07-01,2026-07-02,BANCO MERCANTIL SANTA CRUZ,360,406827,9.56
2026-07-01,2026-07-02,BANCO NACIONAL DE BOLIVIA,2008,2980659,9.75
2026-07-01,2026-07-02,BANCO PRODEM,13,5846,9.36
2026-07-01,2026-07-02,BANCO PYME DE LA COMUNIDAD,3,216,9.76
2026-07-01,2026-07-02,BANCO PYME ECOFUTURO,3,3620,9.36
2026-07-01,2026-07-02,BANCO SOLIDARIO,23,2633673,9.76
2026-07-01,2026-07-02,BANCO UNION,74,1623334,9.89
2026-07-01,2026-07-02,TOTAL BANCOS,3257,29872825,9.78
2026-07-02,2026-07-03,BANCO BISA,54,8452401,9.81
2026-07-02,2026-07-03,BANCO DE CRÉDITO,36,1239519,9.86
2026-07-02,2026-07-03,BANCO DE LA NACIÓN ARGENTINA,24,27711,9.77
2026-07-02,2026-07-03,BANCO ECONÓMICO,36,1620163,9.78
2026-07-02,2026-07-03,BANCO FIE,12,40169,9.68
2026-07-02,2026-07-03,BANCO FORTALEZA,2,16,9.78
2026-07-02,2026-07-03,BANCO GANADERO,551,5565363,9.78
2026-07-02,2026-07-03,BANCO MERCANTIL SANTA CRUZ,193,938532,9.72
2026-07-02,2026-07-03,BANCO NACIONAL DE BOLIVIA,1101,2567310,9.78
2026-07-02,2026-07-03,BANCO PRODEM,8,4502,9.48
2026-07-02,2026-07-03,BANCO PYME DE LA COMUNIDAD,3,2262,9.78
2026-07-02,2026-07-03,BANCO PYME ECOFUTURO,2,2640,9.38
2026-07-02,2026-07-03,BANCO SOLIDARIO,37,431372,9.77
2026-07-02,2026-07-03,BANCO UNION,75,209115,9.78
2026-07-02,2026-07-03,TOTAL BANCOS,2134,21101076,9.80
2026-07-03,2026-07-06,BANCO BISA,51,2150476,9.84
2026-07-03,2026-07-06,BANCO DE CRÉDITO,24,1465788,9.88
2026-07-03,2026-07-06,BANCO DE LA NACIÓN ARGENTINA,10,11336,9.70
2026-07-03,2026-07-06,BANCO ECONÓMICO,38,1754919,9.89
2026-07-03,2026-07-06,BANCO FIE,8,761,9.70
2026-07-03,2026-07-06,BANCO FORTALEZA,3,1133622,9.81
2026-07-03,2026-07-06,BANCO GANADERO,569,8446426,9.81
2026-07-03,2026-07-06,BANCO MERCANTIL SANTA CRUZ,150,3817857,9.84
2026-07-03,2026-07-06,BANCO NACIONAL DE BOLIVIA,1075,2165993,9.80
2026-07-03,2026-07-06,BANCO PRODEM,7,18491,9.70
2026-07-03,2026-07-06,BANCO PYME DE LA COMUNIDAD,3,64,9.80
2026-07-03,2026-07-06,BANCO PYME ECOFUTURO,5,3815,9.40
2026-07-03,2026-07-06,BANCO SOLIDARIO,22,802413,9.85
2026-07-03,2026-07-06,BANCO UNION,83,318733,9.80
2026-07-03,2026-07-06,TOTAL BANCOS,2048,22090693,9.83
2026-07-06,2026-07-07,BANCO BISA,55,3646488,9.88
2026-07-06,2026-07-07,BANCO DE CRÉDITO,12,1393544,9.93
2026-07-06,2026-07-07,BANCO DE LA NACIÓN ARGENTINA,30,17609,9.80
2026-07-06,2026-07-07,BANCO ECONÓMICO,28,1198507,9.89
2026-07-06,2026-07-07,BANCO FIE,17,15603,9.73
2026-07-06,2026-07-07,BANCO FORTALEZA,9,13299,9.76
2026-07-06,2026-07-07,BANCO GANADERO,562,1696172,9.71
2026-07-06,2026-07-07,BANCO MERCANTIL SANTA CRUZ,212,2540863,10.00
2026-07-06,2026-07-07,BANCO NACIONAL DE BOLIVIA,172,153596,9.80
2026-07-06,2026-07-07,BANCO PRODEM,9,4406,9.73
2026-07-06,2026-07-07,BANCO PYME DE LA COMUNIDAD,4,7049,9.83
2026-07-06,2026-07-07,BANCO PYME ECOFUTURO,3,47414,9.43
2026-07-06,2026-07-07,BANCO SOLIDARIO,34,962170,9.90
2026-07-06,2026-07-07,BANCO UNION,64,180125,9.83
2026-07-06,2026-07-07,TOTAL BANCOS,1211,11876844,9.89
2026-07-07,2026-07-08,BANCO BISA,65,5791895,9.97
2026-07-07,2026-07-08,BANCO DE CRÉDITO,20,818300,9.91
2026-07-07,2026-07-08,BANCO DE LA NACIÓN ARGENTINA,11,33464,9.82
2026-07-07,2026-07-08,BANCO ECONÓMICO,29,1336920,9.99
2026-07-07,2026-07-08,BANCO FIE,25,14763,9.79
2026-07-07,2026-07-08,BANCO FORTALEZA,2,200,9.89
2026-07-07,2026-07-08,BANCO GANADERO,545,6275603,9.95
2026-07-07,2026-07-08,BANCO MERCANTIL SANTA CRUZ,141,1041185,10.01
2026-07-07,2026-07-08,BANCO NACIONAL DE BOLIVIA,159,5858183,9.95
2026-07-07,2026-07-08,BANCO PRODEM,9,13867,9.79
2026-07-07,2026-07-08,BANCO PYME DE LA COMUNIDAD,1,2000,9.89
2026-07-07,2026-07-08,BANCO PYME ECOFUTURO,3,107,9.49
2026-07-07,2026-07-08,BANCO SOLIDARIO,20,2513272,9.97
2026-07-07,2026-07-08,BANCO UNION,79,159336,9.89
2026-07-07,2026-07-08,TOTAL BANCOS,1109,23859096,9.96
2026-07-08,2026-07-09,BANCO BISA,85,3680119,10.09
2026-07-08,2026-07-09,BANCO DE CRÉDITO,23,1264766,10.07
2026-07-08,2026-07-09,BANCO DE LA NACIÓN ARGENTINA,10,3320,9.86
2026-07-08,2026-07-09,BANCO ECONÓMICO,17,35333,9.92
2026-07-08,2026-07-09,BANCO FIE,22,12445,9.86
2026-07-08,2026-07-09,BANCO FORTALEZA,2,425000,10.07
2026-07-08,2026-07-09,BANCO GANADERO,290,6582110,10.04
2026-07-08,2026-07-09,BANCO MERCANTIL SANTA CRUZ,162,11639754,10.21
2026-07-08,2026-07-09,BANCO NACIONAL DE BOLIVIA,204,3606295,9.94
2026-07-08,2026-07-09,BANCO PRODEM,13,57246,9.86
2026-07-08,2026-07-09,BANCO PYME DE LA COMUNIDAD,3,1101,9.96
2026-07-08,2026-07-09,BANCO PYME ECOFUTURO,3,422,9.56
2026-07-08,2026-07-09,BANCO SOLIDARIO,36,1099352,10.06
2026-07-08,2026-07-09,BANCO UNION,68,47994,9.96
2026-07-08,2026-07-09,TOTAL BANCOS,938,28455257,10.10
2026-07-09,2026-07-10,BANCO BISA,50,3902015,10.23
2026-07-09,2026-07-10,BANCO DE CRÉDITO,54,5187313,10.26
2026-07-09,2026-07-10,BANCO DE LA NACIÓN ARGENTINA,8,2932,10.00
2026-07-09,2026-07-10,BANCO ECONÓMICO,37,724752,10.24
2026-07-09,2026-07-10,BANCO FIE,14,31651,10.00
2026-07-09,2026-07-10,BANCO FORTALEZA,2,1814,7.50
2026-07-09,2026-07-10,BANCO GANADERO,277,4104284,10.13
2026-07-09,2026-07-10,BANCO MERCANTIL SANTA CRUZ,133,9884451,10.28
2026-07-09,2026-07-10,BANCO NACIONAL DE BOLIVIA,214,3667634,10.14
2026-07-09,2026-07-10,BANCO PRODEM,15,70219,10.00
2026-07-09,2026-07-10,BANCO PYME DE LA COMUNIDAD,4,570,10.10
2026-07-09,2026-07-10,BANCO PYME ECOFUTURO,1,10,9.70
2026-07-09,2026-07-10,BANCO SOLIDARIO,41,2131145,10.38
2026-07-09,2026-07-10,BANCO UNION,80,59816,10.10
2026-07-09,2026-07-10,TOTAL BANCOS,930,29768606,10.24
2026-07-10,2026-07-13,BANCO BISA,91,8250425,10.38
2026-07-10,2026-07-13,BANCO DE CRÉDITO,34,5834653,10.57
2026-07-10,2026-07-13,BANCO DE LA NACIÓN ARGENTINA,16,5190,10.18
2026-07-10,2026-07-13,BANCO ECONÓMICO,30,3806369,10.54
2026-07-10,2026-07-13,BANCO FIE,11,4985,10.19
2026-07-10,2026-07-13,BANCO FORTALEZA,3,48871,10.27
2026-07-10,2026-07-13,BANCO GANADERO,246,3484965,10.30
2026-07-10,2026-07-13,BANCO MERCANTIL SANTA CRUZ,209,800634,10.33
2026-07-10,2026-07-13,BANCO NACIONAL DE BOLIVIA,225,10288924,10.24
2026-07-10,2026-07-13,BANCO PRODEM,9,3750,10.14
2026-07-10,2026-07-13,BANCO PYME DE LA COMUNIDAD,1,68,10.24
2026-07-10,2026-07-13,BANCO PYME ECOFUTURO,2,112,9.84
2026-07-10,2026-07-13,BANCO SOLIDARIO,37,4015518,10.57
2026-07-10,2026-07-13,BANCO UNION,80,339509,10.24
2026-07-10,2026-07-13,TOTAL BANCOS,994,36883973,10.40
2026-07-13,2026-07-14,BANCO BISA,48,2289085,10.53
2026-07-13,2026-07-14,BANCO DE CRÉDITO,82,256829,10.38
2026-07-13,2026-07-14,BANCO DE LA NACIÓN ARGENTINA,16,2526,10.35
2026-07-13,2026-07-14,BANCO ECONÓMICO,29,432291,10.53
2026-07-13,2026-07-14,BANCO FIE,23,398680,10.49
2026-07-13,2026-07-14,BANCO FORTALEZA,6,70,10.40
2026-07-13,2026-07-14,BANCO GANADERO,222,1560817,10.11
2026-07-13,2026-07-14,BANCO MERCANTIL SANTA CRUZ,193,3619878,10.66
2026-07-13,2026-07-14,BANCO NACIONAL DE BOLIVIA,242,442571,10.34
2026-07-13,2026-07-14,BANCO PRODEM,14,19587,10.30
2026-07-13,2026-07-14,BANCO PYME DE LA COMUNIDAD,1,252,10.40
2026-07-13,2026-07-14,BANCO PYME ECOFUTURO,2,99,10.00
2026-07-13,2026-07-14,BANCO SOLIDARIO,27,2250803,10.55
2026-07-13,2026-07-14,BANCO UNION,126,254558,10.40
2026-07-13,2026-07-14,TOTAL BANCOS,1031,11528045,10.50
2026-07-14,2026-07-15,BANCO BISA,44,11966870,10.59
2026-07-14,2026-07-15,BANCO DE CRÉDITO,112,4822134,10.73
2026-07-14,2026-07-15,BANCO DE LA NACIÓN ARGENTINA,8,9320,10.43
2026-07-14,2026-07-15,BANCO ECONÓMICO,39,2962605,10.72
2026-07-14,2026-07-15,BANCO FIE,26,2222232,10.80
2026-07-14,2026-07-15,BANCO FORTALEZA,3,50545,10.70
2026-07-14,2026-07-15,BANCO GANADERO,237,5196937,10.58
2026-07-14,2026-07-15,BANCO MERCANTIL SANTA CRUZ,163,14928796,10.81
2026-07-14,2026-07-15,BANCO NACIONAL DE BOLIVIA,177,392776,10.40
2026-07-14,2026-07-15,BANCO PRODEM,15,11639,10.40
2026-07-14,2026-07-15,BANCO PYME DE LA COMUNIDAD,4,2129,10.50
2026-07-14,2026-07-15,BANCO PYME ECOFUTURO,6,1146,10.10
2026-07-14,2026-07-15,BANCO SOLIDARIO,36,316661,10.52
2026-07-14,2026-07-15,BANCO UNION,137,104882,10.50
2026-07-14,2026-07-15,TOTAL BANCOS,1007,42988673,10.70
2026-07-15,2026-07-16,BANCO BISA,34,302164,10.71
2026-07-15,2026-07-16,BANCO DE CRÉDITO,105,3198820,10.84
2026-07-15,2026-07-16,BANCO DE LA NACIÓN ARGENTINA,11,89048,10.69
2026-07-15,2026-07-16,BANCO ECONÓMICO,39,457222,10.67
2026-07-15,2026-07-16,BANCO FIE,31,4732,10.60
2026-07-15,2026-07-16,BANCO FORTALEZA,6,654089,10.77
2026-07-15,2026-07-16,BANCO GANADERO,444,7088776,10.69
2026-07-15,2026-07-16,BANCO MERCANTIL SANTA CRUZ,208,934189,10.69
2026-07-15,2026-07-16,BANCO NACIONAL DE BOLIVIA,299,2835854,10.75
2026-07-15,2026-07-16,BANCO PRODEM,8,13772,10.60
2026-07-15,2026-07-16,BANCO PYME DE LA COMUNIDAD,5,1074,10.70
2026-07-15,2026-07-16,BANCO PYME ECOFUTURO,4,600,10.30
2026-07-15,2026-07-16,BANCO SOLIDARIO,48,2004616,10.90
2026-07-15,2026-07-16,BANCO UNION,210,543561,10.70
2026-07-15,2026-07-16,TOTAL BANCOS,1452,18128516,10.75
2026-07-17,2026-07-20,BANCO BISA,121,8439237,10.93
2026-07-17,2026-07-20,BANCO DE CRÉDITO,91,1705266,10.86
2026-07-17,2026-07-20,BANCO DE LA NACIÓN ARGENTINA,17,133165,10.74
2026-07-17,2026-07-20,BANCO ECONÓMICO,34,39890,10.75
2026-07-17,2026-07-20,BANCO FIE,24,5701,10.65
2026-07-17,2026-07-20,BANCO FORTALEZA,9,812621,10.80
2026-07-17,2026-07-20,BANCO GANADERO,258,10013630,10.88
2026-07-17,2026-07-20,BANCO MERCANTIL SANTA CRUZ,169,6464449,10.82
2026-07-17,2026-07-20,BANCO NACIONAL DE BOLIVIA,260,7903358,10.75
2026-07-17,2026-07-20,BANCO PRODEM,9,1485,10.65
2026-07-17,2026-07-20,BANCO PYME DE LA COMUNIDAD,3,1211,10.75
2026-07-17,2026-07-20,BANCO PYME ECOFUTURO,6,585421,11.13
2026-07-17,2026-07-20,BANCO SOLIDARIO,40,671115,10.99
2026-07-17,2026-07-20,BANCO UNION,218,1040058,10.75
2026-07-17,2026-07-20,TOTAL BANCOS,1259,37816606,10.85
2026-07-20,2026-07-21,BANCO BISA,46,6294201,10.94
2026-07-20,2026-07-21,BANCO DE CRÉDITO,104,1724580,10.90
2026-07-20,2026-07-21,BANCO DE LA NACIÓN ARGENTINA,35,2739,10.76
2026-07-20,2026-07-21,BANCO ECONÓMICO,29,65265,10.84
2026-07-20,2026-07-21,BANCO FIE,24,4003,10.75
2026-07-20,2026-07-21,BANCO FORTALEZA,12,63063,10.79
2026-07-20,2026-07-21,BANCO GANADERO,217,4292292,10.86
2026-07-20,2026-07-21,BANCO MERCANTIL SANTA CRUZ,154,1003630,10.85
2026-07-20,2026-07-21,BANCO NACIONAL DE BOLIVIA,222,263127,10.78
2026-07-20,2026-07-21,BANCO PRODEM,8,3923,10.75
2026-07-20,2026-07-21,BANCO PYME DE LA COMUNIDAD,5,457,10.85
2026-07-20,2026-07-21,BANCO PYME ECOFUTURO,6,6050,10.45
2026-07-20,2026-07-21,BANCO SOLIDARIO,51,695397,11.01
2026-07-20,2026-07-21,BANCO UNION,275,838491,10.90
2026-07-20,2026-07-21,TOTAL BANCOS,,,10.90
2026-07-21,2026-07-22,BANCO BISA,89,8519844,11.00
2026-07-21,2026-07-22,BANCO DE CRÉDITO,65,840759,11.06
2026-07-21,2026-07-22,BANCO DE LA NACIÓN ARGENTINA,20,55805,10.96
2026-07-21,2026-07-22,BANCO ECONÓMICO,35,10840,10.80
2026-07-21,2026-07-22,BANCO FIE,15,427580,10.90
2026-07-21,2026-07-22,BANCO FORTALEZA,8,101420,10.96
2026-07-21,2026-07-22,BANCO GANADERO,302,4328290,10.98
2026-07-21,2026-07-22,BANCO MERCANTIL SANTA CRUZ,138,664484,10.91
2026-07-21,2026-07-22,BANCO NACIONAL DE BOLIVIA,236,1157721,10.91
2026-07-21,2026-07-22,BANCO PRODEM,10,6503,10.80
2026-07-21,2026-07-22,BANCO PYME DE LA COMUNIDAD,11,1676,10.90
2026-07-21,2026-07-22,BANCO PYME ECOFUTURO,6,200187,10.90
2026-07-21,2026-07-22,BANCO SOLIDARIO,45,7887965,11.06
2026-07-21,2026-07-22,BANCO UNION,158,619773,10.90
2026-07-21,2026-07-22,TOTAL BANCOS,,,11.00
2026-07-22,2026-07-23,BANCO BISA,96,10191351,11.09
2026-07-22,2026-07-23,BANCO DE CRÉDITO,57,4166320,11.12
2026-07-22,2026-07-23,BANCO DE LA NACIÓN ARGENTINA,19,5106,10.92
2026-07-22,2026-07-23,BANCO ECONÓMICO,37,2129943,11.19
2026-07-22,2026-07-23,BANCO FIE,21,4591,10.90
2026-07-22,2026-07-23,BANCO FORTALEZA,10,104772,10.98
2026-07-22,2026-07-23,BANCO GANADERO,261,10339224,11.19
2026-07-22,2026-07-23,BANCO MERCANTIL SANTA CRUZ,313,3134714,11.11
2026-07-22,2026-07-23,BANCO NACIONAL DE BOLIVIA,263,6776276,11.09
2026-07-22,2026-07-23,BANCO PRODEM,8,12127,10.90
2026-07-22,2026-07-23,BANCO PYME DE LA COMUNIDAD,6,1178,11.00
2026-07-22,2026-07-23,BANCO PYME ECOFUTURO,5,1520,10.60
2026-07-22,2026-07-23,BANCO SOLIDARIO,39,1991354,11.24
2026-07-22,2026-07-23,BANCO UNION,81,179799,11.00
2026-07-22,2026-07-23,TOTAL BANCOS,1216,39038276,11.13
2026-07-23,2026-07-24,BANCO BISA,95,10524285,11.22
2026-07-23,2026-07-24,BANCO DE CRÉDITO,65,556143,11.18
2026-07-23,2026-07-24,BANCO DE LA NACIÓN ARGENTINA,17,20972,11.03
2026-07-23,2026-07-24,BANCO ECONÓMICO,35,443327,11.23
2026-07-23,2026-07-24,BANCO FIE,15,2814,11.03
2026-07-23,2026-07-24,BANCO FORTALEZA,8,546641,11.36
2026-07-23,2026-07-24,BANCO GANADERO,369,6866825,11.19
2026-07-23,2026-07-24,BANCO MERCANTIL SANTA CRUZ,196,3743530,11.27
2026-07-23,2026-07-24,BANCO NACIONAL DE BOLIVIA,220,3687810,11.11
2026-07-23,2026-07-24,BANCO PRODEM,10,103793,11.03
2026-07-23,2026-07-24,BANCO PYME DE LA COMUNIDAD,8,6085,11.13
2026-07-23,2026-07-24,BANCO PYME ECOFUTURO,3,470,10.73
2026-07-23,2026-07-24,BANCO SOLIDARIO,42,2006683,11.31
2026-07-23,2026-07-24,BANCO UNION,65,55282,11.13
2026-07-23,2026-07-24,TOTAL BANCOS,1148,28564660,11.21
2026-07-24,2026-07-27,BANCO BISA,102,12716265,11.38
2026-07-24,2026-07-27,BANCO DE CRÉDITO,57,4815867,11.56
2026-07-24,2026-07-27,BANCO DE LA NACIÓN ARGENTINA,35,7462,11.11
2026-07-24,2026-07-27,BANCO ECONÓMICO,32,1922257,11.50
2026-07-24,2026-07-27,BANCO FIE,16,3355,11.11
2026-07-24,2026-07-27,BANCO FORTALEZA,6,986507,11.33
2026-07-24,2026-07-27,BANCO GANADERO,280,9615144,11.38
2026-07-24,2026-07-27,BANCO MERCANTIL SANTA CRUZ,221,823926,11.06
2026-07-24,2026-07-27,BANCO NACIONAL DE BOLIVIA,264,6862876,11.19
2026-07-24,2026-07-27,BANCO PRODEM,15,2634,11.11
2026-07-24,2026-07-27,BANCO PYME DE LA COMUNIDAD,4,142044,11.21
2026-07-24,2026-07-27,BANCO PYME ECOFUTURO,7,2980,10.81
2026-07-24,2026-07-27,BANCO SOLIDARIO,41,460326,11.42
2026-07-24,2026-07-27,BANCO UNION,67,35890,11.21
2026-07-24,2026-07-27,TOTAL BANCOS,1147,38397534,11.37
2026-07-27,2026-07-28,BANCO BISA,53,3636725,11.54
2026-07-27,2026-07-28,BANCO DE CRÉDITO,69,4096951,11.74
2026-07-27,2026-07-28,BANCO DE LA NACIÓN ARGENTINA,36,12619,11.33
2026-07-27,2026-07-28,BANCO ECONÓMICO,39,3088493,11.45
2026-07-27,2026-07-28,BANCO FIE,19,46440,11.51
2026-07-27,2026-07-28,BANCO FORTALEZA,16,1067063,11.52
2026-07-27,2026-07-28,BANCO GANADERO,214,4163882,11.41
2026-07-27,2026-07-28,BANCO MERCANTIL SANTA CRUZ,239,3158392,11.55
2026-07-27,2026-07-28,BANCO NACIONAL DE BOLIVIA,255,507386,11.32
2026-07-27,2026-07-28,BANCO PRODEM,23,22014,11.27
2026-07-27,2026-07-28,BANCO PYME DE LA COMUNIDAD,5,5293,11.37
2026-07-27,2026-07-28,BANCO PYME ECOFUTURO,4,350,10.97
2026-07-27,2026-07-28,BANCO SOLIDARIO,38,1281388,11.54
2026-07-27,2026-07-28,BANCO UNION,59,53381,11.37
2026-07-27,2026-07-28,TOTAL BANCOS,1069,21140379,11.54
2026-07-28,2026-07-29,BANCO BISA,82,8944464,11.77
2026-07-28,2026-07-29,BANCO DE CRÉDITO,68,1318312,11.78
2026-07-28,2026-07-29,BANCO DE LA NACIÓN ARGENTINA,26,24807,11.51
2026-07-28,2026-07-29,BANCO ECONÓMICO,37,1863927,11.83
2026-07-28,2026-07-29,BANCO FIE,24,3025087,12.06
2026-07-28,2026-07-29,BANCO FORTALEZA,7,2000224,12.07
2026-07-28,2026-07-29,BANCO GANADERO,279,11345343,11.73
2026-07-28,2026-07-29,BANCO MERCANTIL SANTA CRUZ,207,4864421,11.91
2026-07-28,2026-07-29,BANCO NACIONAL DE BOLIVIA,264,2514828,11.55
2026-07-28,2026-07-29,BANCO PRODEM,16,5435,11.44
2026-07-28,2026-07-29,BANCO PYME DE LA COMUNIDAD,3,426,11.54
2026-07-28,2026-07-29,BANCO PYME ECOFUTURO,8,242466,11.39
2026-07-28,2026-07-29,BANCO SOLIDARIO,43,2661721,11.74
2026-07-28,2026-07-29,BANCO UNION,48,42014,11.54
2026-07-28,2026-07-29,TOTAL BANCOS,1112,38853476,11.80
2026-07-29,2026-07-30,BANCO BISA,71,8978675,12.01
2026-07-29,2026-07-30,BANCO DE CRÉDITO,91,9214129,11.93
2026-07-29,2026-07-30,BANCO DE LA NACIÓN ARGENTINA,19,126013,11.92
2026-07-29,2026-07-30,BANCO ECONÓMICO,51,1308703,11.96
2026-07-29,2026-07-30,BANCO FIE,27,3769,11.70
2026-07-29,2026-07-30,BANCO FORTALEZA,13,329802,11.82
2026-07-29,2026-07-30,BANCO GANADERO,368,3801257,11.82
2026-07-29,2026-07-30,BANCO MERCANTIL SANTA CRUZ,234,3788154,11.92
2026-07-29,2026-07-30,BANCO NACIONAL DE BOLIVIA,280,12769237,11.77
2026-07-29,2026-07-30,BANCO PRODEM,16,25950,11.70
2026-07-29,2026-07-30,BANCO PYME DE LA COMUNIDAD,6,6397,11.80
2026-07-29,2026-07-30,BANCO PYME ECOFUTURO,5,102330,11.40
2026-07-29,2026-07-30,BANCO SOLIDARIO,52,1091580,11.96
2026-07-29,2026-07-30,BANCO UNION,76,113341,11.80
2026-07-29,2026-07-30,TOTAL BANCOS,1309,41659337,11.89
2026-07-30,2026-07-31,BANCO BISA,74,13240160,12.16
2026-07-30,2026-07-31,BANCO DE CRÉDITO,88,7088267,12.24
2026-07-30,2026-07-31,BANCO DE LA NACIÓN ARGENTINA,31,17861,11.80
2026-07-30,2026-07-31,BANCO ECONÓMICO,48,155918,11.84
2026-07-30,2026-07-31,BANCO FIE,23,525380,12.04
2026-07-30,2026-07-31,BANCO FORTALEZA,13,1244318,12.33
2026-07-30,2026-07-31,BANCO GANADERO,396,11208390,12.15
2026-07-30,2026-07-31,BANCO MERCANTIL SANTA CRUZ,274,2275041,12.00
2026-07-30,2026-07-31,BANCO NACIONAL DE BOLIVIA,325,1483401,11.95
2026-07-30,2026-07-31,BANCO PRODEM,15,11361,11.79
2026-07-30,2026-07-31,BANCO PYME DE LA COMUNIDAD,11,5585,11.89
2026-07-30,2026-07-31,BANCO PYME ECOFUTURO,3,660,11.49
2026-07-30,2026-07-31,BANCO SOLIDARIO,49,556276,12.07
2026-07-30,2026-07-31,BANCO UNION,88,913229,12.09
2026-07-30,2026-07-31,TOTAL BANCOS,1438,38725847,12.15
2026-07-31,2026-08-03,BANCO BISA,60,7245017,12.19
2026-07-31,2026-08-03,BANCO DE CRÉDITO,104,2089165,12.18
2026-07-31,2026-08-03,BANCO DE LA NACIÓN ARGENTINA,38,111039,12.16
2026-07-31,2026-08-03,BANCO ECONÓMICO,146,2599071,12.05
2026-07-31,2026-08-03,BANCO FIE,33,551965,12.19
2026-07-31,2026-08-03,BANCO FORTALEZA,14,576982,12.11
2026-07-31,2026-08-03,BANCO GANADERO,370,9927452,12.08
2026-07-31,2026-08-03,BANCO MERCANTIL SANTA CRUZ,314,5698732,12.13
2026-07-31,2026-08-03,BANCO NACIONAL DE BOLIVIA,410,6795664,12.17
2026-07-31,2026-08-03,BANCO PRODEM,25,76628,12.05
2026-07-31,2026-08-03,BANCO PYME DE LA COMUNIDAD,14,26442,12.15
2026-07-31,2026-08-03,BANCO PYME ECOFUTURO,5,220289,12.10
2026-07-31,2026-08-03,BANCO SOLIDARIO,53,3173792,12.04
2026-07-31,2026-08-03,BANCO UNION,234,2070157,12.19
2026-07-31,2026-08-03,TOTAL BANCOS,1820,41162394,12.13
2026-08-03,2026-08-04,BANCO BISA,66,2841500,11.96
2026-08-03,2026-08-04,BANCO DE CRÉDITO,142,1976995,12.10
2026-08-03,2026-08-04,BANCO DE LA NACIÓN ARGENTINA,31,103665,12.12
2026-08-03,2026-08-04,BANCO ECONÓMICO,60,1252144,11.97
2026-08-03,2026-08-04,BANCO FIE,40,55907,12.03
2026-08-03,2026-08-04,BANCO FORTALEZA,7,1504777,12.31
2026-08-03,2026-08-04,BANCO GANADERO,116,5863479,12.07
2026-08-03,2026-08-04,BANCO MERCANTIL SANTA CRUZ,378,3372165,12.06
2026-08-03,2026-08-04,BANCO NACIONAL DE BOLIVIA,467,2757615,12.05
2026-08-03,2026-08-04,BANCO PRODEM,36,43765,12.03
2026-08-03,2026-08-04,BANCO PYME DE LA COMUNIDAD,6,6283,12.13
2026-08-03,2026-08-04,BANCO PYME ECOFUTURO,11,26160,11.73
2026-08-03,2026-08-04,BANCO SOLIDARIO,35,1577317,12.14
2026-08-03,2026-08-04,BANCO UNION,313,5433130,12.14
2026-08-03,2026-08-04,TOTAL BANCOS,1708,26814902,12.08
2026-08-04,2026-08-05,BANCO BISA,126,106804901,12.03
2026-08-04,2026-08-05,BANCO DE CRÉDITO,374,1990108,11.97
2026-08-04,2026-08-05,BANCO DE LA NACIÓN ARGENTINA,11,2533,11.90
2026-08-04,2026-08-05,BANCO ECONÓMICO,54,4143980,11.92
2026-08-04,2026-08-05,BANCO FIE,25,1066948,12.19
2026-08-04,2026-08-05,BANCO FORTALEZA,8,337142,12.06
2026-08-04,2026-08-05,BANCO GANADERO,769,13239973,11.98
2026-08-04,2026-08-05,BANCO MERCANTIL SANTA CRUZ,445,5251692,11.98
2026-08-04,2026-08-05,BANCO NACIONAL DE BOLIVIA,541,14858962,12.02
2026-08-04,2026-08-05,BANCO PRODEM,72,160064,11.98
2026-08-04,2026-08-05,BANCO PYME DE LA COMUNIDAD,18,26452,12.08
2026-08-04,2026-08-05,BANCO PYME ECOFUTURO,9,14353,11.68
2026-08-04,2026-08-05,BANCO SOLIDARIO,56,3326125,12.00
2026-08-04,2026-08-05,BANCO UNION,500,8717523,12.09
2026-08-04,2026-08-05,TOTAL BANCOS,3008,159940755,12.02
2026-08-05,2026-08-06 al 2026-08-10,BANCO BISA,159,30301395,11.86
2026-08-05,2026-08-06 al 2026-08-10,BANCO DE CRÉDITO,409,1650749,11.80
2026-08-05,2026-08-06 al 2026-08-10,BANCO DE LA NACIÓN ARGENTINA,20,13769,11.82
2026-08-05,2026-08-06 al 2026-08-10,BANCO ECONÓMICO,64,1960611,11.88
2026-08-05,2026-08-06 al 2026-08-10,BANCO FIE,24,213463,12.05
2026-08-05,2026-08-06 al 2026-08-10,BANCO FORTALEZA,16,105065,11.87
2026-08-05,2026-08-06 al 2026-08-10,BANCO GANADERO,197,13107514,11.87
2026-08-05,2026-08-06 al 2026-08-10,BANCO MERCANTIL SANTA CRUZ,287,6707597,11.87
2026-08-05,2026-08-06 al 2026-08-10,BANCO NACIONAL DE BOLIVIA,554,4040013,11.75
2026-08-05,2026-08-06 al 2026-08-10,BANCO PRODEM,85,288044,11.82
2026-08-05,2026-08-06 al 2026-08-10,BANCO PYME DE LA COMUNIDAD,12,58829,12.02
2026-08-05,2026-08-06 al 2026-08-10,BANCO PYME ECOFUTURO,5,2714,11.62
2026-08-05,2026-08-06 al 2026-08-10,BANCO SOLIDARIO,49,1143658,11.85
2026-08-05,2026-08-06 al 2026-08-10,BANCO UNION,163,889618,11.92
2026-08-05,2026-08-06 al 2026-08-10,TOTAL BANCOS,2044,60483040,11.86
2026-08-10,2026-08-11,BANCO BISA,120,19752071,11.76
2026-08-10,2026-08-11,BANCO DE CRÉDITO,486,2235624,11.67
2026-08-10,2026-08-11,BANCO DE LA NACIÓN ARGENTINA,22,11516,11.79
2026-08-10,2026-08-11,BANCO ECONÓMICO,63,48413,11.10
2026-08-10,2026-08-11,BANCO FIE,18,347302,11.76
2026-08-10,2026-08-11,BANCO FORTALEZA,11,30067,11.74
2026-08-10,2026-08-11,BANCO GANADERO,278,26287525,11.82
2026-08-10,2026-08-11,BANCO MERCANTIL SANTA CRUZ,220,9453503,11.77
2026-08-10,2026-08-11,BANCO NACIONAL DE BOLIVIA,533,2739404,11.69
2026-08-10,2026-08-11,BANCO PRODEM,97,349500,11.66
2026-08-10,2026-08-11,BANCO PYME DE LA COMUNIDAD,15,47533,11.86
2026-08-10,2026-08-11,BANCO PYME ECOFUTURO,4,3316,11.46
2026-08-10,2026-08-11,BANCO SOLIDARIO,73,1154983,11.59
2026-08-10,2026-08-11,BANCO UNION,96,248412,11.36
2026-08-10,2026-08-11,TOTAL BANCOS,2036,62709169,11.77
2026-08-11,2026-08-12,BANCO BISA,193,72570741,11.73
2026-08-11,2026-08-12,BANCO DE CRÉDITO,360,1028144,11.60
2026-08-11,2026-08-12,BANCO DE LA NACIÓN ARGENTINA,3,580,11.27
2026-08-11,2026-08-12,BANCO ECONÓMICO,68,718615,11.65
2026-08-11,2026-08-12,BANCO FIE,19,909124,11.71
2026-08-11,2026-08-12,BANCO FORTALEZA,8,148428,11.60
2026-08-11,2026-08-12,BANCO GANADERO,178,11845324,11.69
2026-08-11,2026-08-12,BANCO MERCANTIL SANTA CRUZ,220,1133686,11.54
2026-08-11,2026-08-12,BANCO NACIONAL DE BOLIVIA,291,910171,11.41
2026-08-11,2026-08-12,BANCO PRODEM,98,409921,11.57
2026-08-11,2026-08-12,BANCO PYME DE LA COMUNIDAD,8,8301,11.77
2026-08-11,2026-08-12,BANCO PYME ECOFUTURO,1,200,11.37
2026-08-11,2026-08-12,BANCO SOLIDARIO,44,5907069,11.76
2026-08-11,2026-08-12,BANCO UNION,62,665315,10.73
2026-08-11,2026-08-12,TOTAL BANCOS,1553,96255618,11.71
2026-08-12,2026-08-13,BANCO BISA,126,12318126,11.69
2026-08-12,2026-08-13,BANCO DE CRÉDITO,369,5910414,11.69
2026-08-12,2026-08-13,BANCO DE LA NACIÓN ARGENTINA,2,1350,11.21
2026-08-12,2026-08-13,BANCO ECONÓMICO,73,531240,11.50
2026-08-12,2026-08-13,BANCO FIE,14,187612,11.67
2026-08-12,2026-08-13,BANCO FORTALEZA,18,2471870,11.61
2026-08-12,2026-08-13,BANCO GANADERO,276,8382354,11.63
2026-08-12,2026-08-13,BANCO MERCANTIL SANTA CRUZ,153,5048105,11.71
2026-08-12,2026-08-13,BANCO NACIONAL DE BOLIVIA,273,3082805,11.56
2026-08-12,2026-08-13,BANCO PRODEM,69,271193,11.41
2026-08-12,2026-08-13,BANCO PYME DE LA COMUNIDAD,8,8462,11.47
2026-08-12,2026-08-13,BANCO PYME ECOFUTURO,,,
2026-08-12,2026-08-13,BANCO SOLIDARIO,32,647140,11.61
2026-08-12,2026-08-13,BANCO UNION,30,51181,10.67
2026-08-12,2026-08-13,TOTAL BANCOS,1443,38911851,11.66
2026-08-13,2026-08-14,BANCO BISA,128,12770296,11.64
2026-08-13,2026-08-14,BANCO DE CRÉDITO,265,4781021,11.63
2026-08-13,2026-08-14,BANCO DE LA NACIÓN ARGENTINA,5,145788,11.55
2026-08-13,2026-08-14,BANCO ECONÓMICO,87,1144155,11.42
2026-08-13,2026-08-14,BANCO FIE,16,77182,11.61
2026-08-13,2026-08-14,BANCO FORTALEZA,15,212246,11.54
2026-08-13,2026-08-14,BANCO GANADERO,184,5781733,11.59
2026-08-13,2026-08-14,BANCO MERCANTIL SANTA CRUZ,184,10821109,11.66
2026-08-13,2026-08-14,BANCO NACIONAL DE BOLIVIA,226,2871760,11.57
2026-08-13,2026-08-14,BANCO PRODEM,43,177954,11.36
2026-08-13,2026-08-14,BANCO PYME DE LA COMUNIDAD,6,13401,11.51
2026-08-13,2026-08-14,BANCO PYME ECOFUTURO,2,1500,11.26
2026-08-13,2026-08-14,BANCO SOLIDARIO,36,3281690,11.60
2026-08-13,2026-08-14,BANCO UNION,28,18225,10.16
2026-08-13,2026-08-14,TOTAL BANCOS,1225,42098061,11.62
2026-08-14,2026-08-17,BANCO BISA,123,12800668,11.56
2026-08-14,2026-08-17,BANCO DE CRÉDITO,317,3040586,11.62
2026-08-14,2026-08-17,BANCO DE LA NACIÓN ARGENTINA,11,32075,11.46
2026-08-14,2026-08-17,BANCO ECONÓMICO,54,782249,11.52
2026-08-14,2026-08-17,BANCO FIE,28,1086452,11.63
2026-08-14,2026-08-17,BANCO FORTALEZA,16,241180,11.54
2026-08-14,2026-08-17,BANCO GANADERO,170,11167635,11.59
2026-08-14,2026-08-17,BANCO MERCANTIL SANTA CRUZ,171,5524586,11.59
2026-08-14,2026-08-17,BANCO NACIONAL DE BOLIVIA,251,1159765,11.47
2026-08-14,2026-08-17,BANCO PRODEM,24,50458,11.32
2026-08-14,2026-08-17,BANCO PYME DE LA COMUNIDAD,,,
2026-08-14,2026-08-17,BANCO PYME ECOFUTURO,1,1,11.22
2026-08-14,2026-08-17,BANCO SOLIDARIO,32,370467,11.51
2026-08-14,2026-08-17,BANCO UNION,25,59954,11.52
2026-08-14,2026-08-17,TOTAL BANCOS,1223,36316075,11.58
2026-08-17,2026-08-18,BANCO BISA,64,6497350,11.56
2026-08-17,2026-08-18,BANCO DE CRÉDITO,371,2323703,11.59
2026-08-17,2026-08-18,BANCO DE LA NACIÓN ARGENTINA,29,2332,11.08
2026-08-17,2026-08-18,BANCO ECONÓMICO,52,333053,11.48
2026-08-17,2026-08-18,BANCO FIE,31,240087,11.49
2026-08-17,2026-08-18,BANCO FORTALEZA,7,335475,11.58
2026-08-17,2026-08-18,BANCO GANADERO,167,12645125,11.55
2026-08-17,2026-08-18,BANCO MERCANTIL SANTA CRUZ,162,3791902,11.58
2026-08-17,2026-08-18,BANCO NACIONAL DE BOLIVIA,259,2431329,11.48
2026-08-17,2026-08-18,BANCO PRODEM,24,6305,11.28
2026-08-17,2026-08-18,BANCO PYME DE LA COMUNIDAD,2,247,11.50
2026-08-17,2026-08-18,BANCO PYME ECOFUTURO,3,251,11.18
2026-08-17,2026-08-18,BANCO SOLIDARIO,43,613136,11.60
2026-08-17,2026-08-18,BANCO UNION,28,58751,10.50
2026-08-17,2026-08-18,TOTAL BANCOS,1242,29279047,11.55
2026-08-18,2026-08-19,BANCO BISA,93,51436770,11.51
2026-08-18,2026-08-19,BANCO DE CRÉDITO,314,1522230,11.52
2026-08-18,2026-08-19,BANCO DE LA NACIÓN ARGENTINA,9,2763,11.05
2026-08-18,2026-08-19,BANCO ECONÓMICO,41,403708,11.44
2026-08-18,2026-08-19,BANCO FIE,17,48587,11.38
2026-08-18,2026-08-19,BANCO FORTALEZA,8,124681,11.55
2026-08-18,2026-08-19,BANCO GANADERO,168,6293207,11.54
2026-08-18,2026-08-19,BANCO MERCANTIL SANTA CRUZ,167,4160935,11.52
2026-08-18,2026-08-19,BANCO NACIONAL DE BOLIVIA,198,2002197,11.50
2026-08-18,2026-08-19,BANCO PRODEM,12,12065,11.25
2026-08-18,2026-08-19,BANCO PYME DE LA COMUNIDAD,2,1940,11.15
2026-08-18,2026-08-19,BANCO PYME ECOFUTURO,3,2551,11.15
2026-08-18,2026-08-19,BANCO SOLIDARIO,34,3386444,11.52
2026-08-18,2026-08-19,BANCO UNION,37,61103,10.50
2026-08-18,2026-08-19,TOTAL BANCOS,1103,69459180,11.52
2026-08-19,2026-08-20,BANCO BISA,124,12808358,11.51
2026-08-19,2026-08-20,BANCO DE CRÉDITO,332,2130880,11.52
2026-08-19,2026-08-20,BANCO DE LA NACIÓN ARGENTINA,12,17136,11.36
2026-08-19,2026-08-20,BANCO ECONÓMICO,30,990300,11.53
2026-08-19,2026-08-20,BANCO FIE,28,217172,11.51
2026-08-19,2026-08-20,BANCO FORTALEZA,8,738265,11.54
2026-08-19,2026-08-20,BANCO GANADERO,139,4172245,11.53
2026-08-19,2026-08-20,BANCO MERCANTIL SANTA CRUZ,172,11919870,11.53
2026-08-19,2026-08-20,BANCO NACIONAL DE BOLIVIA,235,309847,11.36
2026-08-19,2026-08-20,BANCO PRODEM,15,4698,11.22
2026-08-19,2026-08-20,BANCO PYME DE LA COMUNIDAD,3,10000,11.12
2026-08-19,2026-08-20,BANCO PYME ECOFUTURO,2,180,11.12
2026-08-19,2026-08-20,BANCO SOLIDARIO,42,898169,11.51
2026-08-19,2026-08-20,BANCO UNION,19,80369,11.46
2026-08-19,2026-08-20,TOTAL BANCOS,1161,34297489,11.52
2026-08-20,2026-08-21,BANCO BISA,93,7939410,11.52
2026-08-20,2026-08-21,BANCO DE CRÉDITO,345,3532604,11.53
2026-08-20,2026-08-21,BANCO DE LA NACIÓN ARGENTINA,16,120321,11.48
2026-08-20,2026-08-21,BANCO ECONÓMICO,46,1492326,11.56
2026-08-20,2026-08-21,BANCO FIE,20,14575,11.32
2026-08-20,2026-08-21,BANCO FORTALEZA,9,98086,11.47
2026-08-20,2026-08-21,BANCO GANADERO,142,7434731,11.52
2026-08-20,2026-08-21,BANCO MERCANTIL SANTA CRUZ,177,3748640,11.45
2026-08-20,2026-08-21,BANCO NACIONAL DE BOLIVIA,250,5039002,11.51
2026-08-20,2026-08-21,BANCO PRODEM,18,13867,11.22
2026-08-20,2026-08-21,BANCO PYME DE LA COMUNIDAD,5,1104,11.12
2026-08-20,2026-08-21,BANCO PYME ECOFUTURO,,,
2026-08-20,2026-08-21,BANCO SOLIDARIO,27,3189295,11.57
2026-08-20,2026-08-21,BANCO UNION,27,87131,11.45
2026-08-20,2026-08-21,TOTAL BANCOS,1175,32711090,11.52
